"var1","var2","spearman_corr","p_value"
"lipids1","lipids5",0.999419931876234,0
"lipids2","lipids4",0.883603990520234,0
"lipid_pero2","lipid_pero3",0.770012088450347,0
"hormone3","hormone4",0.58419632281103,0
"factor_h","factor_pcos",-0.523464852633688,0
"lipid_pero1","lipid_pero2",0.44429795084511,0
"factor_h","hormone5",0.433354800829333,0
"factor_prl","hormone2",0.433288751125326,0
"lipid_pero1","lipid_pero3",0.381599895905147,0
"antioxidant4","antioxidant5",0.333839871509621,0
"hormone4","hormone7",-0.325004442404914,0
"factor_pcos","hormone6",0.303425457823929,0
"lipids2","lipids5",0.283048568077975,0
"lipids1","lipids2",0.276406505285185,0
"factor_pcos","hormone8",-0.267409951538057,0
"hormone5","hormone8",0.260334212771727,0
"factor_pcos","hormone5",-0.243288714617943,0.002
"hormone3","hormone5",0.241720995119979,0
"factor_h","hormone8",0.221340784949577,0
"lipid_pero2","lipid_pero4",0.200272728036759,0
"hormone7","hormone10_generated",0.199892434280651,0
"factor_pcos","hormone3",-0.191977728927109,0.018
"lipid_pero2","antioxidant5",0.189098243931745,0
"factor_h","hormone6",-0.188121722276859,0
"factor_pcos","hormone4",-0.182098792289541,0.014
"lipids5","сarb_metabolism",0.178594604931208,0
"hormone1","hormone2",0.175883713308018,0
"factor_eth","hormone2",0.172550002949802,0
"hormone2","hormone10_generated",0.166496333698968,0
"lipids1","сarb_metabolism",0.165217980119859,0
"lipid_pero1","lipid_pero4",0.164508399904137,0
"factor_eth","factor_h",0.164154601160459,0
"factor_pcos","lipids3",0.162482034183635,0.042
"hormone2","hormone7",0.157343011030985,0
"hormone5","hormone7",0.154715157385783,0
"hormone6","hormone8",-0.151986859865261,0
"lipids3","lipids5",-0.149319832177215,0
"lipids4","lipids5",0.14677003668309,0
"hormone4","hormone10_generated",-0.143287622843152,0
"factor_pcos","antioxidant1",-0.142187915941038,0.076
"lipid_pero3","antioxidant5",0.140948977917637,0
"lipids1","lipids4",0.138995061770383,0
"lipid_pero3","lipid_pero4",0.138488081861247,0
"factor_pcos","hormone10_generated",0.138317196183426,0.058
"lipids1","lipids3",-0.132290426855675,0
"hormone8","antioxidant5",-0.131801969187175,0
"factor_h","hormone3",0.126826481206335,0
"hormone8","antioxidant4",-0.125823951928719,0
"hormone6","hormone7",0.12452650688138,0
"hormone2","lipids1",-0.123989529190009,0
"lipids2","lipids3",0.121523240852357,0
"lipids3","lipids4",-0.121448237717254,0
"antioxidant2","antioxidant3",0.120874590832095,0
"factor_pcos","antioxidant3",-0.120324264940438,0.11
"factor_eth","сarb_metabolism",-0.119871614743012,0
"factor_eth","factor_prl",0.119346048379007,0
"factor_eth","factor_pcos",-0.118425092382394,0.116
"lipids2","сarb_metabolism",0.11515703048499,0
"hormone5","antioxidant4",-0.109488507130818,0.004
"hormone2","hormone3",0.107015396153757,0
"hormone4","antioxidant5",0.105873861220714,0
"lipids4","сarb_metabolism",0.103669760166694,0
"factor_pcos","antioxidant4",-0.103431291633998,0.136
"factor_eth","hormone8",-0.101131408871118,0
"hormone2","lipids5",-0.09974626753904,0.008
"factor_pcos","lipid_pero5",0.0983260840542147,0.218
"hormone3","сarb_metabolism",-0.0968885431831844,0.002
"hormone3","lipids3",0.0950149139985297,0
"сarb_metabolism","lipid_pero1",0.094134115933143,0
"hormone7","hormone8",0.0927728523062414,0.002
"factor_eth","antioxidant3",0.0919571589584395,0.002
"hormone5","antioxidant5",-0.0914217490877586,0
"hormone2","lipids3",0.0907053459060311,0.006
"hormone7","lipid_pero5",-0.089856854738671,0.004
"factor_pcos","lipid_pero3",-0.0889950253476249,0.26
"lipid_pero1","antioxidant5",0.0874185385721492,0.004
"hormone3","hormone6",-0.0862249605381961,0.002
"lipids2","lipid_pero3",0.0846936245478186,0.004
"factor_eth","hormone6",-0.0829545253949023,0
"factor_eth","lipids3",0.082745308444414,0.002
"factor_h","hormone2",0.0823099504132844,0.006
"hormone6","lipids3",0.0821474028226862,0.006
"lipid_pero5","antioxidant5",-0.0814858703000666,0.008
"hormone5","hormone6",0.0805772151444067,0.002
"lipids3","сarb_metabolism",-0.0791796345169362,0.008
"factor_h","antioxidant4",-0.0777386433788143,0.002
"hormone10_generated","lipid_pero3",-0.0774986973232589,0.006
"lipid_pero2","lipid_pero5",-0.0771314103693843,0.008
"hormone1","lipids5",-0.0745621556626833,0.018
"hormone3","antioxidant3",0.0738079413583227,0.01
"lipids5","lipid_pero4",0.0734669132654501,0.026
"сarb_metabolism","lipid_pero5",-0.0724735151834436,0.008
"lipid_pero3","lipid_pero5",-0.0717780098271666,0.012
"antioxidant1","antioxidant5",0.0714064585973427,0.012
"hormone5","lipids3",0.0712749647441458,0.02
"factor_pcos","lipids2",0.0710212578413747,0.352
"factor_prl","hormone3",0.0704501019512401,0.014
"hormone10_generated","lipid_pero1",-0.0701301068953173,0.028
"hormone6","lipids4",-0.068646992268407,0.022
"lipids2","lipid_pero4",0.0683099615879312,0.006
"hormone3","lipids2",0.0678206152855084,0.034
"lipid_pero4","antioxidant5",0.067465514345336,0.024
"сarb_metabolism","antioxidant4",-0.066369738006745,0.022
"lipids4","lipid_pero3",0.066097045231045,0.02
"factor_h","factor_prl",0.0646011863668807,0.03
"lipids4","lipid_pero4",0.0641039482321436,0.04
"сarb_metabolism","lipid_pero2",0.0639564564991809,0.016
"hormone10_generated","lipid_pero2",-0.0639243398091961,0.032
"factor_h","antioxidant3",0.0635960485033829,0.06
"lipid_pero1","antioxidant1",0.0632013349046257,0.022
"hormone4","antioxidant4",0.062584318970742,0.026
"lipids3","lipid_pero1",-0.0624347200812327,0.028
"factor_eth","lipid_pero4",-0.0623939179829597,0.026
"hormone4","lipids2",0.0615690809897008,0.024
"hormone5","antioxidant3",0.0608789969967597,0.032
"hormone3","lipids4",0.0596364684650071,0.048
"hormone1","hormone5",-0.0593242500847831,0.046
"factor_eth","hormone1",0.0593072839754503,0.046
"hormone8","antioxidant1",-0.0582963089134323,0.05
"factor_eth","lipids1",0.057910039594499,0.048
"hormone5","сarb_metabolism",-0.0576425051286296,0.036
"hormone2","antioxidant5",0.057086929860767,0.05
"lipids2","lipid_pero2",0.0570015286843539,0.072
"сarb_metabolism","lipid_pero4",0.0569362338850763,0.028
"hormone6","antioxidant3",-0.0561796340589985,0.062
"hormone2","сarb_metabolism",-0.0558313205693937,0.066
"hormone4","lipids4",0.0556591367984232,0.064
"factor_h","lipids5",-0.0554990827788223,0.098
"hormone1","lipids1",-0.0554130468937521,0.096
"hormone1","сarb_metabolism",-0.0550183095424261,0.056
"factor_prl","lipid_pero3",0.0540435699700812,0.066
"hormone7","antioxidant5",-0.0540037575229092,0.076
"hormone8","lipid_pero5",0.053715309983444,0.04
"lipids4","lipid_pero1",0.0536478541823384,0.068
"hormone1","hormone7",0.0531215654277954,0.08
"factor_h","lipid_pero4",-0.0529200587473992,0.09
"lipids3","lipid_pero4",-0.0527737635814189,0.082
"hormone7","antioxidant3",0.0524417877576076,0.056
"hormone3","hormone10_generated",0.0524394619688114,0.066
"factor_eth","lipids5",0.0514789539193456,0.136
"antioxidant1","antioxidant4",0.0513087104009247,0.09
"lipid_pero1","lipid_pero5",-0.0507006783742649,0.084
"lipids3","lipid_pero3",0.0504349824251264,0.076
"factor_pcos","hormone2",-0.0499987952954288,0.528
"hormone4","hormone5",0.0497662579393777,0.114
"factor_eth","hormone5",-0.0490193659408473,0.106
"lipids5","antioxidant4",0.0489940856094975,0.15
"hormone10_generated","сarb_metabolism",-0.0488321726723955,0.114
"hormone1","lipid_pero3",-0.0488313756676293,0.09
"hormone4","сarb_metabolism",-0.0487170783753551,0.098
"hormone2","lipid_pero2",0.0485918911158224,0.12
"factor_prl","сarb_metabolism",-0.0484900862067648,0.108
"lipids1","lipid_pero4",0.0483981789104572,0.116
"factor_pcos","lipid_pero2",-0.048369277601083,0.524
"hormone2","lipid_pero4",0.0482331765235864,0.092
"hormone1","hormone6",-0.0477087352119208,0.116
"hormone4","lipids3",0.0475733725778406,0.112
"hormone1","lipid_pero1",-0.0475549810491058,0.128
"hormone3","lipid_pero4",0.0470228613355535,0.11
"factor_h","lipids2",-0.0469882605493894,0.102
"factor_eth","hormone10_generated",0.0468885383872031,0.108
"factor_prl","lipids3",0.0465359773025529,0.112
"factor_eth","hormone3",-0.0465101855278769,0.114
"lipids4","lipid_pero2",0.0462482294033079,0.114
"сarb_metabolism","lipid_pero3",0.0459137189114778,0.116
"lipids5","antioxidant3",0.0457659301476579,0.146
"hormone10_generated","antioxidant2",-0.0457585199692324,0.13
"lipid_pero2","antioxidant1",0.0456885566763361,0.132
"hormone1","lipid_pero5",-0.0456204794506174,0.124
"hormone10_generated","antioxidant1",0.0455280448464896,0.126
"lipids4","antioxidant2",0.0449347527728856,0.124
"hormone7","antioxidant2",-0.0446939607287604,0.108
"hormone2","lipid_pero5",-0.0440360452081362,0.168
"hormone4","lipid_pero4",0.0434221272271994,0.168
"hormone4","hormone6",-0.0433419025073822,0.158
"lipids4","lipid_pero5",0.0432978848919702,0.142
"hormone6","lipid_pero4",-0.0432575564919435,0.156
"antioxidant1","antioxidant2",-0.0427964232544265,0.116
"factor_eth","hormone7",-0.0420982470605357,0.142
"lipid_pero2","antioxidant4",0.0420567534124587,0.172
"lipids2","lipid_pero5",0.0410669100233262,0.188
"lipids2","lipid_pero1",0.041045369451689,0.16
"hormone7","lipid_pero4",-0.0409888291119463,0.148
"factor_pcos","сarb_metabolism",0.0403129570014381,0.566
"hormone1","antioxidant4",0.0398762354405918,0.2
"hormone8","hormone10_generated",-0.0394670113650437,0.172
"factor_prl","hormone1",0.0394435668594007,0.2
"lipids1","antioxidant4",0.0390541701785284,0.226
"hormone6","lipids2",-0.0390448690320681,0.192
"hormone2","lipid_pero3",0.0389625674421417,0.168
"hormone10_generated","antioxidant4",-0.0387215723752727,0.182
"hormone6","lipid_pero1",-0.0383563086682096,0.146
"hormone4","lipid_pero5",0.0379227518823681,0.202
"lipids2","antioxidant4",0.0373178464033355,0.216
"hormone6","hormone10_generated",0.0371749962541348,0.23
"lipid_pero3","antioxidant3",0.0367556363843862,0.236
"hormone3","antioxidant5",0.0366799078541229,0.208
"factor_h","lipids4",-0.0364020756490264,0.186
"factor_h","сarb_metabolism",-0.0360273656130789,0.248
"lipid_pero4","antioxidant1",-0.0353138073336882,0.212
"hormone1","antioxidant5",0.0351473516211811,0.224
"factor_prl","antioxidant5",0.0351167647890165,0.242
"hormone7","antioxidant4",-0.033250236531782,0.256
"hormone1","lipid_pero2",-0.0330959031723829,0.228
"factor_eth","antioxidant5",0.0328716936936269,0.248
"hormone2","antioxidant4",0.0325096924665849,0.306
"hormone3","lipids5",-0.0324851376577775,0.344
"hormone1","antioxidant2",0.0318523247285502,0.256
"lipid_pero2","antioxidant3",0.0316585604759214,0.236
"hormone4","hormone8",-0.0315833960928078,0.23
"hormone6","lipid_pero2",-0.0313599388841444,0.314
"hormone2","antioxidant3",0.0312764340402218,0.26
"factor_eth","lipid_pero2",-0.0311091343232889,0.32
"factor_h","lipid_pero5",0.0309993891524892,0.26
"factor_eth","antioxidant4",0.0309234547725955,0.32
"hormone5","lipid_pero2",0.0306310329903561,0.296
"lipids1","lipid_pero1",0.0303691489114281,0.342
"hormone10_generated","lipids4",0.030163982793572,0.296
"hormone3","hormone8",0.0301117984115496,0.286
"hormone7","lipids2",-0.0298601307243828,0.316
"factor_eth","lipid_pero3",0.029739970826855,0.318
"lipids3","lipid_pero5",-0.0297265171302209,0.29
"hormone10_generated","lipids2",0.0297099517052893,0.298
"hormone5","lipid_pero1",-0.0292390520626454,0.33
"factor_h","antioxidant5",-0.0283115361272846,0.382
"factor_h","lipid_pero2",-0.0283028749761472,0.336
"factor_prl","lipids1",-0.0282265781533412,0.34
"lipids2","antioxidant3",0.0282111389794505,0.306
"factor_h","hormone7",0.0280378595203179,0.35
"hormone8","lipids1",0.0279095800653329,0.342
"hormone4","lipids5",-0.0276956567995948,0.418
"hormone5","lipids1",0.027596336144826,0.376
"lipids4","antioxidant4",0.0273872138388859,0.36
"lipids1","antioxidant3",0.0272774578839511,0.354
"factor_h","hormone4",0.0272413534704074,0.376
"lipid_pero4","antioxidant2",0.0271804550056237,0.372
"hormone8","lipid_pero3",-0.0268696375329781,0.37
"factor_h","antioxidant2",0.0268345393022781,0.346
"hormone7","lipids3",0.0266913333718562,0.36
"factor_pcos","antioxidant5",-0.0266745747923402,0.73
"hormone4","antioxidant3",0.0265912891707602,0.374
"hormone5","lipids2",0.0265812495681,0.348
"factor_h","lipid_pero3",-0.026253165736336,0.394
"hormone10_generated","antioxidant5",-0.0262327938116909,0.378
"lipids5","lipid_pero2",0.0260181557051629,0.44
"hormone6","lipids1",-0.0258888447696762,0.398
"factor_prl","antioxidant2",-0.0256586966522251,0.396
"hormone1","hormone8",-0.0254717167266539,0.372
"сarb_metabolism","antioxidant1",-0.0254547283662317,0.416
"lipid_pero3","antioxidant4",0.0254336875834241,0.406
"hormone5","lipid_pero5",0.0243946070511228,0.412
"factor_pcos","hormone7",0.0243254321665681,0.784
"hormone3","lipids1",-0.0243007941080762,0.388
"factor_pcos","lipid_pero1",-0.0242803338846864,0.752
"factor_h","lipids3",0.0240497390513608,0.418
"factor_prl","antioxidant3",0.023296590062,0.452
"factor_prl","lipid_pero5",0.0231875445473096,0.432
"hormone7","сarb_metabolism",-0.0228285512777279,0.41
"lipid_pero4","antioxidant4",0.0228151973933463,0.44
"lipid_pero4","antioxidant3",0.022782600928416,0.406
"hormone5","lipids5",0.0226967163161608,0.494
"hormone3","lipid_pero1",-0.0225539221956258,0.466
"lipid_pero3","antioxidant1",0.0222111541948555,0.448
"hormone10_generated","lipids1",-0.0221806884258581,0.446
"factor_h","lipids1",-0.0221784850205302,0.424
"factor_pcos","lipid_pero4",-0.021760875667935,0.78
"hormone7","lipids1",-0.0216888883104805,0.456
"lipids2","antioxidant2",0.0216395943255752,0.478
"factor_prl","antioxidant1",0.0216318497815973,0.452
"hormone8","lipids4",-0.0215990556351699,0.454
"factor_eth","hormone4",-0.0214916004323426,0.46
"lipid_pero5","antioxidant2",0.0212792707784474,0.468
"factor_prl","hormone4",0.020551804310944,0.472
"hormone4","antioxidant1",-0.0204649214001909,0.502
"lipids5","antioxidant5",0.0196805749111382,0.544
"hormone2","antioxidant1",0.0196183708264836,0.542
"hormone2","lipids2",-0.0193529065214564,0.526
"lipids5","antioxidant1",0.0192878475282767,0.57
"hormone10_generated","lipids3",0.0191171553487813,0.542
"factor_prl","hormone6",0.0190397789711427,0.566
"hormone4","antioxidant2",0.0189338226390761,0.514
"lipid_pero1","antioxidant2",0.0187973414092151,0.53
"hormone8","antioxidant3",0.0187961350089333,0.52
"hormone6","сarb_metabolism",0.0187595139760712,0.53
"factor_h","lipid_pero1",-0.0186116707753645,0.568
"factor_pcos","lipids4",-0.018171481882514,0.832
"hormone1","hormone4",0.0176856836461271,0.55
"lipids4","antioxidant3",0.017534995095037,0.558
"factor_prl","hormone5",0.0174756215809112,0.53
"hormone5","hormone10_generated",0.0173608828200798,0.532
"hormone3","lipid_pero3",0.0171042138860251,0.572
"hormone3","antioxidant4",-0.0167238958479776,0.572
"lipid_pero5","antioxidant1",-0.0164155849889411,0.588
"hormone7","lipids4",-0.0162974083174077,0.592
"hormone4","lipids1",-0.0161581631263253,0.602
"hormone3","lipid_pero2",0.0159598796402431,0.6
"hormone8","lipid_pero4",0.0156638527780297,0.588
"factor_prl","hormone7",0.0156481588178256,0.588
"hormone8","antioxidant2",0.0155484611357681,0.602
"hormone10_generated","antioxidant3",-0.0150396247566107,0.594
"lipids1","lipid_pero2",0.0146748148176076,0.642
"hormone6","lipid_pero5",0.0145507135737299,0.618
"antioxidant1","antioxidant3",-0.0144665617287379,0.642
"hormone2","antioxidant2",0.0144415390026236,0.61
"hormone10_generated","lipid_pero4",0.0143955827319088,0.656
"factor_eth","lipid_pero5",-0.0143863633310781,0.628
"hormone2","hormone5",0.0142521954851895,0.65
"antioxidant3","antioxidant5",-0.014100123281459,0.63
"factor_prl","hormone10_generated",0.0138348882594194,0.656
"factor_pcos","lipids1",-0.0138200783401849,0.858
"factor_pcos","lipids5",-0.0137079658136013,0.872
"factor_h","hormone10_generated",-0.0136144198451557,0.678
"hormone7","lipid_pero1",-0.0134621779449329,0.642
"factor_h","hormone1",0.0131157859846555,0.672
"hormone1","lipids4",-0.0130439020234311,0.664
"hormone8","lipids2",-0.0128822366562989,0.67
"hormone10_generated","lipid_pero5",-0.0128290760403714,0.638
"lipids1","lipid_pero5",0.0125384044769114,0.636
"factor_prl","lipids4",-0.0123247991231409,0.696
"lipids3","antioxidant5",0.0123202367830453,0.678
"hormone6","antioxidant4",-0.0123169767978043,0.646
"factor_prl","lipids2",-0.0121952724094189,0.648
"hormone10_generated","lipids5",-0.0121850361559421,0.722
"factor_eth","antioxidant2",-0.012044050156643,0.684
"hormone3","hormone7",-0.011864642580472,0.672
"factor_pcos","hormone1",0.0116668303531824,0.86
"hormone5","lipid_pero4",-0.0115042296600004,0.646
"hormone5","antioxidant1",0.011471717375063,0.7
"hormone4","lipid_pero3",0.0114013218928272,0.684
"lipids3","antioxidant4",-0.0111717622203548,0.694
"hormone8","сarb_metabolism",0.0111089268276393,0.696
"hormone2","lipid_pero1",0.0108911860436595,0.692
"hormone1","antioxidant1",0.0107377921415461,0.716
"hormone8","lipid_pero2",-0.0104410853252836,0.716
"lipid_pero4","lipid_pero5",-0.0101687145625415,0.738
"lipids1","lipid_pero3",0.0100470269824054,0.76
"lipids1","antioxidant2",0.00997578470780334,0.746
"hormone7","lipid_pero2",0.00984971915088909,0.758
"factor_prl","lipids5",-0.00974258168310324,0.736
"antioxidant2","antioxidant5",-0.00966809338183976,0.734
"hormone1","lipids3",-0.00944683953486874,0.778
"factor_eth","lipids4",-0.00940926696118651,0.728
"lipid_pero2","antioxidant2",0.00937521554217179,0.762
"сarb_metabolism","antioxidant3",0.00917113841449943,0.784
"hormone6","lipid_pero3",-0.00913389317295424,0.754
"factor_prl","antioxidant4",0.00907221877460453,0.756
"hormone7","lipids5",0.00854008724277177,0.788
"hormone1","lipids2",-0.0084135061411633,0.768
"hormone4","lipid_pero2",0.00836637784813003,0.786
"lipids2","antioxidant1",-0.00830208038637026,0.768
"сarb_metabolism","antioxidant2",0.0079789614624183,0.788
"hormone2","hormone6",0.00792874545648014,0.774
"factor_prl","lipid_pero4",-0.00776724381283779,0.772
"hormone5","lipids4",-0.00776330140761571,0.788
"lipid_pero5","antioxidant3",0.0076685145166793,0.78
"factor_prl","lipid_pero1",0.00750822415505645,0.83
"lipids3","lipid_pero2",-0.0073880691686204,0.788
"factor_eth","lipid_pero1",0.00737631162621981,0.824
"lipids5","lipid_pero5",-0.00730091994090785,0.822
"lipids1","antioxidant5",0.00722390716718306,0.818
"lipids5","lipid_pero3",0.00694226300895311,0.828
"hormone4","lipid_pero1",-0.006895734821526,0.82
"lipid_pero3","antioxidant2",0.00686740965523318,0.8
"hormone6","lipids5",0.00666331725023394,0.85
"lipid_pero1","antioxidant4",-0.00638250169359516,0.814
"lipids3","antioxidant3",0.00631025463004816,0.856
"hormone1","hormone10_generated",-0.00629632855604165,0.85
"lipids1","antioxidant1",0.00628745076822278,0.856
"lipids3","antioxidant1",0.00624749848835892,0.832
"factor_h","antioxidant1",-0.00619326778230201,0.83
"hormone8","lipids3",-0.0061822989742352,0.836
"hormone1","hormone3",-0.00618208165371222,0.828
"hormone7","antioxidant1",0.00559343366288309,0.85
"hormone8","lipid_pero1",-0.00529423397515744,0.83
"lipids5","antioxidant2",0.00525126976433943,0.88
"hormone5","lipid_pero3",-0.00507788186338604,0.858
"lipids2","antioxidant5",0.00469809035659217,0.898
"hormone2","lipids4",-0.00431801141972961,0.852
"hormone6","antioxidant1",-0.00427127763642737,0.9
"factor_pcos","factor_prl",-0.00362157645884522,1
"hormone2","hormone4",0.00340140155183016,0.916
"hormone1","lipid_pero4",0.00329529329367762,0.904
"hormone5","antioxidant2",-0.00325069362964381,0.94
"factor_prl","lipid_pero2",0.0032201746533689,0.922
"hormone6","antioxidant2",-0.00294438987980068,0.93
"сarb_metabolism","antioxidant5",-0.00286511389849685,0.922
"hormone3","antioxidant1",0.0027262100696734,0.908
"lipid_pero1","antioxidant3",-0.00243360554144704,0.934
"factor_eth","antioxidant1",0.0024276002798813,0.946
"antioxidant2","antioxidant4",0.00238917174340226,0.938
"hormone3","antioxidant2",-0.00238092273757834,0.942
"lipids3","antioxidant2",0.00215824860858321,0.932
"factor_prl","hormone8",-0.00215211041607147,0.942
"antioxidant3","antioxidant4",0.00200213357443423,0.934
"hormone6","antioxidant5",-0.00171224079171319,0.958
"hormone8","lipids5",0.00111532472923102,0.976
"lipids4","antioxidant5",0.000799443161035199,0.976
"hormone1","antioxidant3",-0.000776412618821919,0.98
"lipids5","lipid_pero1",-0.000734304328419253,0.976
"hormone7","lipid_pero3",0.000711003606405976,0.978
"lipid_pero5","antioxidant4",-0.000702206354477236,0.98
"factor_pcos","antioxidant2",0.000625464249323953,0.992
"hormone2","hormone8",-0.000425447836805227,0.986
"hormone3","lipid_pero5",0.000319544582480923,0.982
"lipids4","antioxidant1",-0.000303600895558927,0.994
"factor_eth","lipids2",0.000282144416781985,0.986
